subset,group,repo_count,file_count,loc_total,block_count,blocks_per_file,blocks_per_kloc,mean_repo_blocks_per_file,median_repo_blocks_per_file,mean_repo_blocks_per_kloc,median_repo_blocks_per_kloc
core,new_2020s,8,615,150458,3304,5.3723577235772355,21.95961663720108,6.739093515015647,5.723076923076922,32.23719791917212,30.1260057805009
core,old_2000s,8,672,196926,8636,12.851190476190476,43.85403654164509,11.943385110502263,11.516711229946523,42.39373609250838,39.995423443386414
