subset,group,repo_count,total_blocks,inline_blocks,full_line_singleton_blocks,full_line_block_blocks,inline_block_ratio,full_line_singleton_block_ratio,full_line_block_ratio,mean_repo_inline_block_ratio,median_repo_inline_block_ratio,mean_repo_full_line_singleton_block_ratio,median_repo_full_line_singleton_block_ratio,mean_repo_full_line_block_ratio,median_repo_full_line_block_ratio,mean_repo_mean_block_char_len,median_repo_mean_block_char_len,mean_repo_median_block_char_len,median_repo_median_block_char_len,mean_repo_mean_block_word_len,median_repo_mean_block_word_len,mean_repo_median_block_word_len,median_repo_median_block_word_len,mean_repo_mean_inline_block_char_len,median_repo_mean_inline_block_char_len,mean_repo_mean_full_line_singleton_char_len,median_repo_mean_full_line_singleton_char_len,mean_repo_mean_full_line_block_char_len,median_repo_mean_full_line_block_char_len,mean_repo_mean_inline_block_word_len,median_repo_mean_inline_block_word_len,mean_repo_mean_full_line_singleton_word_len,median_repo_mean_full_line_singleton_word_len,mean_repo_mean_full_line_block_word_len,median_repo_mean_full_line_block_word_len
core,new_2020s,8,3296,994,1687,615,0.3015776699029126,0.5118325242718447,0.1865898058252427,0.3108011440350065,0.2818627450980392,0.46262647600494866,0.4294372294372294,0.22657237996004478,0.19283317940911243,63.167559300457796,54.83800398086139,40.0,37.0,10.081777648046987,8.971785599587761,6.5,5.5,19.62054395993679,19.6031746031746,44.134512404755746,43.62382629107981,159.29086748176755,148.77978481887277,2.831252403877232,2.8124235006119953,7.270138910013258,7.299026256303252,25.29430250008336,24.6169239565466
core,old_2000s,8,8270,1058,4593,2619,0.1279322853688029,0.5553808948004837,0.3166868198307134,0.15789003430342652,0.10496894409937887,0.5903931229179273,0.5807334037899083,0.25171684277864614,0.25217391304347825,61.74125408071953,55.74472049689441,41.0,42.0,9.702445636459569,9.2717834960071,6.5,6.5,23.217629842094148,23.625,35.76224751841765,37.20320743709416,137.34349158599144,135.54700854700855,4.014319048385363,4.060651379195746,5.7614180142658755,5.884155844155844,21.28494282120642,20.026455026455025
