subset,group,repo_count,total_blocks,annotation_blocks,todo_blocks,fixme_blocks,xxx_blocks,hack_blocks,bug_blocks,note_blocks,annotation_block_ratio,todo_block_ratio,fixme_block_ratio,xxx_block_ratio,hack_block_ratio,bug_block_ratio,note_block_ratio,mean_repo_annotation_block_ratio,median_repo_annotation_block_ratio,mean_repo_todo_block_ratio,median_repo_todo_block_ratio,mean_repo_fixme_block_ratio,median_repo_fixme_block_ratio,mean_repo_xxx_block_ratio,median_repo_xxx_block_ratio,mean_repo_hack_block_ratio,median_repo_hack_block_ratio,mean_repo_bug_block_ratio,median_repo_bug_block_ratio,mean_repo_note_block_ratio,median_repo_note_block_ratio
core,new_2020s,8,3304,87,60,0,3,1,5,18,0.0263317191283293,0.018159806295399514,0.0,0.0009079903147699758,0.0003026634382566586,0.001513317191283293,0.005447941888619854,0.032354202855364986,0.02078392896904921,0.016157273179844625,0.004368409844211584,0.0,0.0,0.000751503006012024,0.0,0.0008223684210526315,0.0,0.001496056205730357,0.0013054830287206266,0.013127002042725348,0.0030415941398317377
core,old_2000s,8,8636,384,51,119,119,37,44,29,0.0444650301065308,0.005905511811023622,0.013779527559055118,0.013779527559055118,0.00428439092172302,0.005094951366373321,0.0033580361278369615,0.07156435675955233,0.05309727686492324,0.0062422120868741385,0.00500746162294491,0.03862117079086725,0.006209600342060917,0.01480999980757979,0.010099138123520743,0.0029831829782974947,0.003764954257565095,0.0051780918856145445,0.006454878251705586,0.004732270848144486,0.002349421624347094
